关键词,词频
开发,1573.0
熟悉,1350.0
经验,1148.0
技术,826.0
设计,726.0
工作,690.0
能力,675.0
系统,587.0
优先,555.0
职位,549.0
描述,505.0
使用,488.0
负责,452.0
框架,441.0
Java,429.0
数据库,428.0
相关,416.0
以上,410.0
良好,379.0
项目,355.0
熟练,350.0
精通,349.0
要求,337.0
团队,335.0
应用,316.0
具有,316.0
产品,286.0
分析,258.0
完成,254.0
业务,254.0
优化,250.0
了解,249.0
任职,247.0
需求,245.0
Spring,238.0
进行,234.0
代码,231.0
岗位职责,221.0
参与,218.0
熟练掌握,218.0
具备,217.0
编程,216.0
常用,213.0
沟通,203.0
编写,202.0
开源,201.0
互联网,198.0
基础,194.0
以上学历,188.0
文档,179.0
架构,175.0
能够,175.0
公司,174.0
平台,172.0
学习,166.0
一定,155.0
专业,155.0
独立,154.0
以及,154.0
J2EE,154.0
性能,153.0
MySQL,151.0
扎实,148.0
设计模式,148.0
Linux,147.0
实现,147.0
SQL,142.0
问题,140.0
语言,140.0
Oracle,137.0
JAVA,135.0
本科,129.0
研发,128.0
Web,128.0
精神,128.0
主流,127.0
模块,125.0
解决,125.0
掌握,124.0
我们,124.0
java,118.0
原理,118.0
合作,118.0
维护,117.0
并发,116.0
核心,113.0
数据,111.0
编码,109.0
理解,108.0
大型,108.0
缓存,107.0
考虑,107.0
软件,103.0
责任心,102.0
多线程,101.0
功能,99.0
服务,97.0
一种,93.0
计算机相关,92.0
计算机,92.0
较强,91.0
解决问题,91.0
工具,89.0
面向对象,89.0
规范,87.0
根据,86.0
spring,86.0
测试,85.0
Hibernate,85.0
至少,84.0
架构设计,83.0
实际,83.0
任务,83.0
算法,81.0
分布式,80.0
压力,79.0
调优,79.0
协作,78.0
Struts,78.0
后台,75.0
HTML,75.0
善于,74.0
Tomcat,74.0
Redis,73.0
软件开发,71.0
岗位,71.0
网站,71.0
职责,69.0
资格,69.0
金融,69.0
习惯,69.0
SpringMVC,68.0
部署,67.0
服务器,67.0
逻辑思维,67.0
10,66.0
JavaScript,66.0
支付,66.0
三年,65.0
MVC,65.0
研究,64.0
各种,63.0
过程,63.0
Mysql,63.0
CSS,62.0
基于,62.0
mybatis,61.0
web,61.0
质量,60.0
优秀,60.0
管理,59.0
持续,58.0
网络,58.0
指导,58.0
redis,58.0
提供,57.0
配置,56.0
行业,56.0
mysql,56.0
MyBatis,56.0
协议,55.0
常见,55.0
hibernate,55.0
JSP,55.0
工程师,55.0
Javascript,54.0
承受,53.0
分布式系统,53.0
接口,53.0
其他,52.0
快速,52.0
需要,52.0
前端,52.0
专业本科,51.0
Ajax,51.0
单元测试,51.0
环境,51.0
操作系统,50.0
消息,50.0
详细,50.0
实施,50.0
拥有,49.0
WEB,49.0
方案,48.0
深入,48.0
包括,48.0
Maven,48.0
开发技术,48.0
应用服务器,47.0
制定,46.0
Mybatis,45.0
XML,44.0
机制,44.0
SVN,44.0
电商,44.0
承担,43.0
数据结构,43.0
配合,42.0
处理,41.0
存储,41.0
jquery,41.0
福利,41.0
Servlet,40.0
保证,40.0
Jquery,40.0
SSH,40.0
流程,40.0
计划,40.0
提升,39.0
MySql,39.0
高性能,38.0
强烈,38.0
稳定性,38.0
协助,37.0
思想,37.0
服务器端,37.0
意识,37.0
模式,37.0
JVM,37.0
发展,37.0
开发工具,36.0
linux,36.0
用户,36.0
JQuery,36.0
领域,36.0
服务端,36.0
and,35.0
建模,35.0
html,35.0
完善,34.0
丰富,34.0
AJAX,34.0
深刻理解,34.0
中间件,33.0
或者,33.0
积极主动,33.0
基本,33.0
知识,33.0
分享,33.0
引擎,32.0
项目管理,32.0
Eclipse,32.0
sql,32.0
自己,32.0
Nginx,32.0
技术难题,32.0
struts,31.0
tomcat,31.0
计算,31.0
调研,31.0
TCP,31.0
培训,30.0
关系,30.0
HTTP,30.0
攻关,30.0
热爱,30.0
带领,30.0
体系,30.0
复杂,29.0
通过,29.0
NoSQL,29.0
不断,29.0
Unix,29.0
挑战,29.0
可以,29.0
逻辑,29.0
UML,29.0
构建,28.0
安全,28.0
IP,28.0
撰写,28.0
mvc,28.0
深刻,28.0
js,28.0
乐于,27.0
MongoDB,27.0
程序,27.0
SOA,27.0
系统分析,27.0
重构,27.0
抗压,27.0
难点,27.0
Apache,27.0
经理,27.0
源码,27.0
毕业,27.0
11,27.0
团队精神,26.0
高质量,26.0
iBatis,26.0
提出,26.0
http,26.0
操作,26.0
海量,26.0
企业,26.0
运用,26.0
薪酬,26.0
接受,26.0
提高,26.0
现有,26.0
脚本,26.0
命令,25.0
dubbo,25.0
积极,25.0
运营,25.0
oracle,25.0
语句,25.0
部分,24.0
有过,24.0
移动,24.0
概要,24.0
组织,24.0
ajax,24.0
功能模块,24.0
经历,24.0
更佳,24.0
shell,23.0
方法,23.0
按照,23.0
软件工程,23.0
基本功,23.0
协调,23.0
背景,23.0
升级,23.0
及时,23.0
钻研,23.0
归纳,22.0
方向,22.0
确保,22.0
充满,22.0
负载,22.0
改进,22.0
Memcached,22.0
清晰,22.0
电子商务,21.0
一年,21.0
思考,21.0
ibatis,21.0
MQ,21.0
简历,21.0
线上,21.0
一金,21.0
部门,21.0
上进心,21.0
调试,21.0
页面,21.0
自我,20.0
喜欢,20.0
踏实,20.0
内容,20.0
数据量,20.0
面向对象编程,20.0
css,20.0
javascript,20.0
生活,20.0
maven,20.0
上线,20.0
日常,20.0
Struts2,20.0
合理,20.0
jQuery,20.0
风格,19.0
时间,19.0
方面,19.0
主动,19.0
技术开发,19.0
扩展,19.0
编程语言,19.0
大规模,19.0
内部,19.0
机会,19.0
目前,19.0
Python,19.0
通信,19.0
在线,19.0
组件,19.0
态度,19.0
主要,19.0
沟通交流,19.0
com,18.0
解决方案,18.0
最新,18.0
前端开发,18.0
开发者,18.0
思维,18.0
Ibatis,18.0
希望,18.0
脚本语言,18.0
JS,18.0
一起,18.0
责任感,18.0
搜索,18.0
较大,18.0
零食,18.0
待遇,18.0
运行,18.0
讨论,18.0
底层,18.0
多种,18.0
产品开发,17.0
选型,17.0
版本,17.0
场景,17.0
微信,17.0
数据处理,17.0
队列,17.0
SaaS,17.0
一个,17.0
敏捷,17.0
五险,17.0
统招,17.0
加入,17.0
IO,17.0
奖金,17.0
高效,17.0
软件系统,17.0
有大,17.0
国内,17.0
成员,17.0
按时,17.0
人员,17.0
初级,17.0
其中,17.0
两年,17.0
索引,16.0
免费,16.0
员工,16.0
功底,16.0
从事,16.0
mongodb,16.0
理解能力,16.0
技能,16.0
Resin,16.0
可用,16.0
发现,16.0
必有,16.0
特别,16.0
院校,16.0
其一,16.0
薪资,16.0
建设,16.0
常用命令,16.0
关注,16.0
O2O,16.0
热情,16.0
激励,16.0
交易,16.0
面向对象分析,16.0
阅读,16.0
模型,16.0
遇到,16.0
表达能力,15.0
hbase,15.0
认真,15.0
英语,15.0
流行,15.0
理论,15.0
定位,15.0
事情,15.0
相应,15.0
大学本科,15.0
大牛,15.0
实践,15.0
Hadoop,15.0
具体,15.0
体验,15.0
定期,15.0
集群,15.0
Shell,15.0
节日,15.0
搭建,15.0
各类,15.0
职业,15.0
规划,15.0
springmvc,15.0
旅游,15.0
愿意,14.0
12,14.0
Weblogic,14.0
高级,14.0
to,14.0
比较,14.0
对系统,14.0
修改,14.0
git,14.0
svn,14.0
弹性,14.0
软件设计,14.0
创新,14.0
Bootstrap,14.0
加班,14.0
NIO,14.0
weblogic,14.0
集合,14.0
进度,14.0
后端,14.0
大专,14.0
专注,14.0
python,14.0
Service,14.0
本科学历,14.0
成长,14.0
深厚,14.0
激情,14.0
交互,14.0
Ant,13.0
Git,13.0
标准,13.0
跟踪,13.0
2.3,13.0
jsp,13.0
稳定,13.0
运维,13.0
物流,13.0
API,13.0
其它,13.0
很强,13.0
条件,13.0
测试人员,13.0
业内,13.0
主动性,13.0
Dubbo,13.0
编程技术,13.0
中国,13.0
socket,13.0
方式,13.0
JBoss,13.0
体系结构,13.0
JAVASCRIPT,13.0
Socket,12.0
开发人员,12.0
支撑,12.0
技巧,12.0
规则,12.0
985,12.0
晋升,12.0
人才,12.0
美信,12.0
理财,12.0
氛围,12.0
大型项目,12.0
自然语言,12.0
文化,12.0
交付,12.0
市场,12.0
广告,12.0
App,12.0
财务,12.0
GIT,12.0
追求,12.0
严谨,12.0
来自,12.0
活动,12.0
领导,12.0
创业,12.0
Mongodb,12.0
审核,12.0
表达,12.0
RPC,12.0
评审,12.0
系统维护,11.0
软件产品,11.0
主导,11.0
作为,11.0
实践经验,11.0
年终奖,11.0
推进,11.0
评估,11.0
探索,11.0
计算机科学,11.0
方案设计,11.0
这里,11.0
memcache,11.0
OO,11.0
求知欲,11.0
Json,11.0
限制,11.0
瓶颈,11.0
HTML5,11.0
Html,11.0
NoSql,11.0
空间,11.0
编制,11.0
xml,11.0
nosql,11.0
灵活,11.0
集成,11.0
帮助,11.0
贡献,11.0
管理工具,11.0
JSON,11.0
驱动,11.0
amp,11.0
欢迎,11.0
全日制,11.0
效率,11.0
Lucene,11.0
企业级,11.0
思路清晰,11.0
eclipse,11.0
高可用性,11.0
访问,11.0
改造,10.0
更新,10.0
每个,10.0
挑战性,10.0
JDBC,10.0
高度,10.0
同时,10.0
智能,10.0
数据挖掘,10.0
ORM,10.0
如果,10.0
自动化,10.0
迅速,10.0
基础知识,10.0
目标,10.0
nginx,10.0
自动,10.0
review,10.0
知道,10.0
关系数据库,10.0
富有,10.0
211,10.0
Jboss,10.0
订单,10.0
积累,10.0
开展,10.0
开发进度,10.0
计算机专业,10.0
自身,10.0
mongoDB,10.0
触发器,10.0
PHP,10.0
遵循,10.0
消息中间件,10.0
以下,10.0
CSS3,10.0
Queue,10.0
股权,10.0
中心,10.0
辅助,10.0
强大,10.0
可行性,10.0
保证系统,10.0
个人,10.0
适应,10.0
WebService,10.0
信息,10.0
in,10.0
memcached,10.0
ORACLE,10.0
第三方,10.0
最大,10.0
监控,10.0
io,10.0
Restful,10.0
数学,10.0
成功,9.0
吃苦耐劳,9.0
接触,9.0
异步,9.0
想法,9.0
专家,9.0
尤佳,9.0
业界,9.0
真的,9.0
擅于,9.0
内存,9.0
货车,9.0
定义,9.0
说明书,9.0
视频,9.0
of,9.0
保持,9.0
没有,9.0
Services,9.0
带薪,9.0
对账,9.0
产品设计,9.0
设备,9.0
hadoop,9.0
例如,9.0
推荐,9.0
兴趣,9.0
美团网,9.0
英文,9.0
适当,9.0
正规,9.0
敢于,9.0
硕士,9.0
全面,9.0
子系统,9.0
交流,9.0
增值,9.0
知名,9.0
供应链,9.0
zookeeper,9.0
开发计划,9.0
netty,9.0
同事,9.0
电子,9.0
水平,9.0
竞争力,9.0
通讯,9.0
投资,9.0
什么,9.0
重点,9.0
介绍,9.0
未来,9.0
with,9.0
Server,9.0
咖啡,9.0
打造,9.0
准备,9.0
房产,9.0
网络协议,9.0
诚实,9.0
客户,9.0
整体,9.0
爬虫,9.0
水果,9.0
书写,9.0
交办,9.0
认识,9.0
结构设计,9.0
自学能力,9.0
融资,9.0
安排,9.0
对于,9.0
GIS,9.0
REST,9.0
意见,9.0
北京,9.0
响应,9.0
servlet,9.0
EE,8.0
ActiveMQ,8.0
查询,8.0
存在,8.0
办公,8.0
故障,8.0
13,8.0
集团,8.0
产品线,8.0
融入,8.0
TOMCAT,8.0
技术培训,8.0
每月,8.0
APP,8.0
Http,8.0
大中型,8.0
jenkins,8.0
已有,8.0
DB2,8.0
之一,8.0
跟进,8.0
机器人,8.0
结构,8.0
分配,8.0
每年,8.0
实时,8.0
上海,8.0
促进,8.0
最好,8.0
结果,8.0
迭代,8.0
数据分析,8.0
认真负责,8.0
Windows,8.0
核心技术,8.0
有效,8.0
宜信,8.0
价值,8.0
小伙伴,8.0
分布式应用,8.0
满足,8.0
14,8.0
机器,8.0
银行,8.0
敬业精神,8.0
全球,8.0
不仅,8.0
创造,8.0
改善,8.0
Webwork,8.0
可靠,8.0
jpa,8.0
data,8.0
www,8.0
交易系统,8.0
基本操作,8.0
社交,8.0
责任,8.0
深度,8.0
做事,8.0
整理,8.0
技术人员,8.0
存储系统,8.0
1.3,8.0
Memcache,8.0
敏感,8.0
关键,8.0
yeah,8.0
原型,8.0
适合,8.0
把握,8.0
百度,8.0
JavaEE,8.0
程序设计,8.0
细致,7.0
共同,7.0
理念,7.0
Microsoft,7.0
动态,7.0
说明,7.0
学历,7.0
广度,7.0
游戏,7.0
不要,7.0
Key,7.0
勇于,7.0
简单,7.0
传统,7.0
深入研究,7.0
天润,7.0
工程,7.0
确认,7.0
项目组,7.0
版本控制,7.0
关键技术,7.0
素质,7.0
均衡,7.0
H5,7.0
并且,7.0
C++,7.0
特性,7.0
检查,7.0
事物,7.0
系统优化,7.0
建议,7.0
预研,7.0
各项,7.0
正直,7.0
团建,7.0
极强,7.0
当前,7.0
JMS,7.0
项目经理,7.0
晚餐,7.0
resin,7.0
每天,7.0
驱动力,7.0
已经,7.0
成果,7.0
LINUX,7.0
范围,7.0
带队,7.0
期权,7.0
入职,7.0
会员,7.0
心得,7.0
前后,7.0
每日,7.0
阿里,7.0
SQLServer,7.0
注释,7.0
统一,7.0
决策,7.0
分项,7.0
快乐,7.0
非常,7.0
位于,7.0
下午茶,7.0
资深,7.0
源代码,7.0
功能设计,7.0
数据模型,7.0
对接,7.0
前台,7.0
mina,7.0
双休,7.0
不同,7.0
安装,7.0
小组,7.0
即可,7.0
重要,7.0
pl,7.0
管理系统,7.0
事务,7.0
保障,7.0
JBOSS,7.0
网络通信,7.0
规定,7.0
补贴,7.0
支持,7.0
期待,7.0
获得,6.0
容器,6.0
关键问题,6.0
较为,6.0
Mina,6.0
文件,6.0
法定,6.0
Jetty,6.0
这么,6.0
京东,6.0
扩展性,6.0
缴纳,6.0
or,6.0
商品,6.0
Value,6.0
类似,6.0
extjs,6.0
更好,6.0
development,6.0
大量,6.0
正式,6.0
No,6.0
而定,6.0
EasyUI,6.0
概念,6.0
规格,6.0
ERP,6.0
情况,6.0
融通,6.0
一款,6.0
IT,6.0
kafka,6.0
五年,6.0
注重,6.0
Spark,6.0
资本,6.0
专业知识,6.0
China,6.0
上市公司,6.0
类库,6.0
成立,6.0
诚信,6.0
正常,6.0
访问量,6.0
特定,6.0
依据,6.0
任务分配,6.0
华为,6.0
风控,6.0
生日,6.0
总结,6.0
服务化,6.0
课程,6.0
保质保量,6.0
Cassandra,6.0
零距离,6.0
共同进步,6.0
大家,6.0
apache,6.0
id,6.0
社区,6.0
RabbitMQ,6.0
模板,6.0
软件结构,6.0
真正,6.0
实战经验,6.0
充满热情,6.0
给出,6.0
礼品,6.0
及大,6.0
总部,6.0
生鲜,6.0
商通贷,6.0
所有,6.0
丰厚,6.0
腾讯,6.0
结合,6.0
及其,6.0
中型,6.0
调整,6.0
Websphere,6.0
操作命令,6.0
年限,6.0
必须,6.0
show,6.0
信用,6.0
如何,6.0
OOP,6.0
节假日,6.0
验证,6.0
一百倍,6.0
注解,6.0
最高,6.0
Perl,6.0
CVS,6.0
AOP,6.0
立项,6.0
修复,6.0
iOS,6.0
体检,6.0
享受,6.0
youku,6.0
抽象,6.0
建立,6.0
面试,6.0
敬业,6.0
审查,6.0
Zookeeper,6.0
见解,6.0
创新能力,6.0
100,6.0
稳步,5.0
Groovy,5.0
资料,5.0
五天,5.0
全额,5.0
拆分,5.0
solr,5.0
一家,5.0
app,5.0
cn,5.0
常规,5.0
教学,5.0
妹子,5.0
劳动合同,5.0
多达,5.0
有用,5.0
CEO,5.0
定制,5.0
若干年,5.0
封顶,5.0
websphere,5.0
数据库系统,5.0
商家,5.0
物理,5.0
这样,5.0
jetty,5.0
家园网,5.0
bootstrap,5.0
因为,5.0
保证质量,5.0
请求,5.0
第一,5.0
礼物,5.0
走心,5.0
拓展,5.0
SSI,5.0
springMVC,5.0
Sql,5.0
国家,5.0
事业,5.0
层面,5.0
technologies,5.0
现在,5.0
standards,5.0
针对,5.0
积极参与,5.0
上级,5.0
规范化,5.0
最快,5.0
前瞻性,5.0
Jsp,5.0
执行力,5.0
the,5.0
国内外,5.0
基金,5.0
不是,5.0
相称,5.0
Ruby,5.0
不再,5.0
开放平台,5.0
拆解,5.0
数千万,5.0
Node,5.0
理解力,5.0
担任,5.0
服务平台,5.0
bug,5.0
一项,5.0
Ext,5.0
网络应用,5.0
生产力,5.0
协同,5.0
有着,5.0
利益,5.0
We,5.0
职满,5.0
插件,5.0
三层,5.0
权限,5.0
直接,5.0
职业道德,5.0
促销,5.0
专项,5.0
外部,5.0
福利待遇,5.0
设限,5.0
code,5.0
做大,5.0
从业,5.0
应用软件,5.0
Hbase,5.0
机票,5.0
政策,5.0
老板,5.0
NOSQL,5.0
出现,5.0
证书,5.0
storm,5.0
奔波,5.0
测试用例,5.0
报告,5.0
Bug,5.0
执行,5.0
交易额,5.0
CMS,5.0
祝贺,5.0
报表,5.0
拒绝,5.0
完整,5.0
签订,5.0
美团,5.0
专科,5.0
专属,5.0
敬意,5.0
jpos,5.0
成为,5.0
比如,5.0
EJB,5.0
科技,5.0
部门经理,5.0
疑难问题,5.0
金色,5.0
Cloud,5.0
客户端,5.0
SPRING,5.0
纯粹,5.0
专业培训,5.0
家庭,5.0
成就感,5.0
级别,5.0
招聘,5.0
搜索引擎,5.0
导向,5.0
team,5.0
致力于,5.0
素养,5.0
声明,5.0
负责人,5.0
为佳,5.0
洁癖,5.0
应用服务,5.0
这些,5.0
活跃,5.0
Webservice,5.0
消费者,5.0
官僚,5.0
spark,5.0
朋友,5.0
事业心,5.0
还有,5.0
offer,5.0
记录下来,5.0
车费,5.0
Storm,5.0
速度,5.0
人工智能,5.0
化成,4.0
站点,4.0
企业应用,4.0
限于,4.0
性格开朗,4.0
关怀,4.0
好看,4.0
JFinal,4.0
UDP,4.0
2014,4.0
hive,4.0
相当,4.0
无限,4.0
学生,4.0
成功之路,4.0
细化,4.0
JBPM,4.0
分公司,4.0
HBase,4.0
优质,4.0
抓取,4.0
windows,4.0
投递,4.0
OOA,4.0
超过,4.0
大病,4.0
乐观,4.0
生态系统,4.0
数十亿,4.0
有关,4.0
HttpClient,4.0
全球化,4.0
居然,4.0
正确性,4.0
不会,4.0
进取心,4.0
策划,4.0
布局,4.0
尚德,4.0
awk,4.0
博客,4.0
著名,4.0
端系统,4.0
赞誉,4.0
调薪,4.0
数百万,4.0
MVN,4.0
分层,4.0
优雅,4.0
领先,4.0
采访,4.0
Jvm,4.0
制度,4.0
struts2,4.0
符合,4.0
as,4.0
软件包,4.0
做好,4.0
匹配,4.0
电子商务系统,4.0
严格,4.0
春节,4.0
控制,4.0
年底,4.0
一半,4.0
转化,4.0
客户服务,4.0
各个,4.0
薪事,4.0
原有,4.0
推动,4.0
总体设计,4.0
充值,4.0
金融业务,4.0
走查,4.0
技术支持,4.0
餐饮,4.0
综合,4.0
价值观,4.0
代码优化,4.0
纷繁,4.0
PostgreSQL,4.0
运动,4.0
cloud,4.0
SERVER,4.0
薪人,4.0
指旺,4.0
STRUTS,4.0
补助,4.0
最终,4.0
通力合作,4.0
成长率,4.0
信赖,4.0
围绕,4.0
四年,4.0
电信,4.0
C#,4.0
UI,4.0
承载,4.0
产生,4.0
WebLogic,4.0
统计分析,4.0
热衷于,4.0
尝试,4.0
一群,4.0
MAVEN,4.0
达成,4.0
做到,4.0
A轮,4.0
Docker,4.0
快捷,4.0
司龄,4.0
jety,4.0
分布式服务,4.0
面向,4.0
挖掘,4.0
值得,4.0
交通,4.0
只要,4.0
吸引,4.0
一下,4.0
对外,4.0
本地,4.0
调优有,4.0
流量,4.0
北大,4.0
优鲜,4.0
适应能力,4.0
experience,4.0
Hive,4.0
服务器软件,4.0
OA,4.0
做出,4.0
Css,4.0
html5,4.0
sqlserver,4.0
超值,4.0
突破,4.0
微博,4.0
只是,4.0
健壮性,4.0
理论知识,4.0
有所,4.0
备受,4.0
协同工作,4.0
硅谷,4.0
参加,4.0
提交,4.0
可用性,4.0
使命,4.0
要义,4.0
MYSQL,4.0
语音,4.0
并行,4.0
肩负,4.0
收集,4.0
导师,4.0
展现,4.0
product,4.0
呼叫,4.0
Php,4.0
实习,4.0
放宽,4.0
攻克,4.0
Lucence,4.0
修正,4.0
velocity,4.0
单元,4.0
Design,4.0
多多,4.0
精英,4.0
Thrift,4.0
乐天,4.0
满意,4.0
办公区,4.0
几种,4.0
消费,4.0
定位问题,4.0
创始人,4.0
地点,4.0
连接,4.0
公路,4.0
重视,4.0
欲罢不能,4.0
多项,4.0
work,4.0
用时,4.0
EXT,4.0
WebSphere,4.0
话费,4.0
类人,4.0
程序开发,4.0
红包,4.0
购买,4.0
RMI,4.0
拉勾,4.0
基地,4.0
最前沿,4.0
好奇心,4.0
手机,4.0
认真细致,4.0
全部,3.0
KPI,3.0
OOD,3.0
Lua,3.0
MySQ,3.0
webservice,3.0
JDK,3.0
一样,3.0
过硬,3.0
JUnit,3.0
趋势,3.0
度假,3.0
Android,3.0
两种,3.0
WEBSPHERE,3.0
开始,3.0
现状,3.0
细心,3.0
can,3.0
ISC,3.0
2015,3.0
货运,3.0
认真执行,3.0
午餐,3.0
错过,3.0
敢于创新,3.0
难关,3.0
诱惑,3.0
梳理,3.0
活力,3.0
广告业务,3.0
公共,3.0
IOC,3.0
全国,3.0
千万,3.0
奖励,3.0
风险,3.0
不少,3.0
B轮,3.0
重新,3.0
视野,3.0
努力,3.0
质量体系,3.0
网址,3.0
洞察,3.0
生态,3.0
四级,3.0
正则表达式,3.0
标配,3.0
调查,3.0
working,3.0
互联网服务,3.0
角度,3.0
生产,3.0
输出,3.0
诊断,3.0
on,3.0
锻炼,3.0
分解,3.0
J2SE,3.0
发布者,3.0
记录,3.0
显示器,3.0
that,3.0
财务部门,3.0
互动,3.0
热衷,3.0
ExtJS,3.0
WEBLOGIC,3.0
will,3.0
cache,3.0
BUG,3.0
高手,3.0
酌情,3.0
用户量,3.0
角色,3.0
结算,3.0
在技术上,3.0
进程,3.0
识别,3.0
24,3.0
HR,3.0
面向未来,3.0
You,3.0
同步,3.0
抗住,3.0
P2P,3.0
IntelliJ,3.0
前期,3.0
六险,3.0
采用,3.0
可扩展性,3.0
可能,3.0
车辆,3.0
Tcp,3.0
HIBERNATE,3.0
php,3.0
收入,3.0
成本,3.0
唯一,3.0
自由,3.0
购物,3.0
分布式计算,3.0
书写能力,3.0
rabbitmq,3.0
账户,3.0
历史数据,3.0
科学家,3.0
Kafka,3.0
检测,3.0
策略,3.0
JEE,3.0
确定,3.0
兼顾,3.0
世界,3.0
浏览器,3.0
is,3.0
百合,3.0
PaaS,3.0
SpringBoot,3.0
https,3.0
熟知,3.0
上述,3.0
初步解决,3.0
联系,3.0
GitHub,3.0
AngularJs,3.0
线程,3.0
推送,3.0
正确,3.0
监督,3.0
技术部,3.0
系统安全,3.0
诚恳,3.0
属于,3.0
争取,3.0
架构师,3.0
extJS,3.0
分表,3.0
独立思考,3.0
系统软件,3.0
概率,3.0
左右,3.0
一致性,3.0
初中级,3.0
录用,3.0
实训,3.0
platform,3.0
Structs2,3.0
个性化,3.0
作品,3.0
个性,3.0
领悟,3.0
营销,3.0
落地,3.0
酒店,3.0
理想,3.0
Map,3.0
MapReduce,3.0
海外,3.0
技术创新,3.0
每周,3.0
要点,3.0
软件架构,3.0
产品质量,3.0
无线,3.0
现金,3.0
条件者,3.0
中级,3.0
上传,3.0
VC,3.0
饮料,3.0
15,3.0
上班,3.0
Mac,3.0
全文检索,3.0
聪明,3.0
擅长,3.0
准确,3.0
无限量,3.0
Liunx,3.0
Scala,3.0
interoperability,3.0
发布,3.0
自带,3.0
教育,3.0
be,3.0
业务流程,3.0
通用,3.0
PL,3.0
1.5,3.0
端的,3.0
SSM,3.0
功能测试,3.0
主持,3.0
意向,3.0
存储技术,3.0
HBASE,3.0
应聘者,3.0
组织协调,3.0
一直,3.0
CRM,3.0
分贝,3.0
火球,3.0
一流,3.0
咨询,3.0
HDFS,3.0
商城,3.0
Open,3.0
完美,3.0
用过,3.0
团体,3.0
明确,3.0
新风,3.0
应对,3.0
排查,3.0
server,3.0
对大,3.0
公众,3.0
Pro,3.0
组成,3.0
培养,3.0
软件缺陷,3.0
Azure,3.0
清算,3.0
关键点,3.0
鼓励,3.0
公司简介,3.0
Mongo,3.0
myBatis,3.0
行为,3.0
分库,3.0
Jenkins,3.0
二次开发,3.0
ssh,3.0
rakuten,3.0
地图,3.0
清楚,3.0
CXF,3.0
Boot,3.0
据此,3.0
困难,3.0
记账,3.0
本科毕业,3.0
无情,3.0
优惠券,3.0
Thinkpad,3.0
过中,3.0
PowerDesigner,3.0
尤其,3.0
内有,3.0
多个,3.0
富于,3.0
感觉,3.0
Quartz,3.0
整个,3.0
独当一面,3.0
前提,3.0
运作,3.0
开放,3.0
才华,3.0
WEBSERVICE,3.0
亿级,3.0
回顾,3.0
共享,3.0
Boostrap,3.0
日本,3.0
动手,3.0
Netty,3.0
you,3.0
高品质,3.0
缺陷,3.0
javascrip,3.0
高层,3.0
股票,3.0
技术标准,3.0
scala,3.0
转换,3.0
对云,3.0
北航,3.0
一件,3.0
为了,3.0
微软,3.0
附件,3.0
思路,3.0
财经,3.0
设有,2.0
issues,2.0
受委屈,2.0
MM7,2.0
专业技能,2.0
或非,2.0
集成化,2.0
借用,2.0
监测,2.0
problems,2.0
水大,2.0
knowledge,2.0
美人,2.0
而且,2.0
基本技能,2.0
communication,2.0
上下班,2.0
开拓精神,2.0
很快,2.0
人们,2.0
Based,2.0
实力,2.0
Access,2.0
混合,2.0
参考,2.0
两次,2.0
异构,2.0
数亿,2.0
西安,2.0
view,2.0
APACHE,2.0
云朵,2.0
主页,2.0
分隔,2.0
群里,2.0
资历,2.0
取号机,2.0
三期,2.0
DCM,2.0
测试计划,2.0
Search,2.0
Jdbc,2.0
great,2.0
DUBBO,2.0
传递,2.0
组建,2.0
累计,2.0
积极响应,2.0
联盟,2.0
IDE,2.0
系统性,2.0
MyEclipse,2.0
人体工学,2.0
Jsoup,2.0
CMPP,2.0
2039845045,2.0
任性,2.0
HSF,2.0
ftp,2.0
多层,2.0
pig,2.0
优选,2.0
懂得,2.0
Activemq,2.0
主要职责,2.0
区块,2.0
选对,2.0
二年,2.0
竭尽所能,2.0
大众,2.0
形势,2.0
这儿,2.0
推广,2.0
日志,2.0
绝对,2.0
很多,2.0
智慧,2.0
空气质量,2.0
MongDB,2.0
草原,2.0
倾情,2.0
websocket,2.0
责任意识,2.0
JavaBean,2.0
Nosql,2.0
网络服务,2.0
跨部门,2.0
期中,2.0
ios,2.0
条理清晰,2.0
POI,2.0
强度,2.0
RUP,2.0
等等等等,2.0
8.3,2.0
网络安全,2.0
处理率,2.0
持久,2.0
BPEL,2.0
ti,2.0
租户,2.0
对列,2.0
高频,2.0
亿元,2.0
交易平台,2.0
mqtt,2.0
用友,2.0
MemCache,2.0
海龟,2.0
每逢,2.0
观点,2.0
Mybaits,2.0
办法,2.0
入侵,2.0
套装,2.0
幽默,2.0
包含,2.0
自主,2.0
infrastructure,2.0
公关,2.0
天使,2.0
全新,2.0
证明,2.0
联网,2.0
简介,2.0
平均,2.0
设计方案,2.0
家人,2.0
tudou,2.0
商业,2.0
玩笑,2.0
SERVICE,2.0
写码,2.0
产业,2.0
大学,2.0
株式会社,2.0
Platform,2.0
工作餐,2.0
系统核心,2.0
年度,2.0
帮已,2.0
生成,2.0
之前,2.0
更优,2.0
shtml,2.0
本质,2.0
力所能及,2.0
csh,2.0
相信,2.0
XHTML,2.0
字节,2.0
一员,2.0
上级领导,2.0
效果,2.0
other,2.0
通信协议,2.0
数据仓库,2.0
多年,2.0
不言而喻,2.0
RESTFul,2.0
自有,2.0
新鲜,2.0
火花,2.0
广州,2.0
技术革新,2.0
演进,2.0
两个,2.0
The,2.0
SHELL,2.0
访问控制,2.0
美食,2.0
用到,2.0
业务部门,2.0
健身房,2.0
建设性,2.0
SqlServer,2.0
反射,2.0
OracleMy,2.0
之余,2.0
天内,2.0
解析,2.0
百万,2.0
等等,2.0
华尔街,2.0
他们,2.0
李明顺,2.0
城市,2.0
什么样,2.0
农业,2.0
develop,2.0
together,2.0
postgresql,2.0
知识面,2.0
社团活动,2.0
Security,2.0
梦想,2.0
外加,2.0
按计划,2.0
创业者,2.0
产品软件,2.0
Responsibilities,2.0
班车,2.0
胜读十年书,2.0
图灵,2.0
90,2.0
公积金,2.0
Drools,2.0
Elastic,2.0
课堂,2.0
XMPP,2.0
任一,2.0
Junit,2.0
提前完成,2.0
JAVAEE,2.0
docker,2.0
一天,2.0
SpringMvc,2.0
季度,2.0
一览无余,2.0
变化,2.0
最具,2.0
sootoo,2.0
无数,2.0
T3,2.0
172019,2.0
贷款,2.0
基础理论,2.0
跨国,2.0
为人正直,2.0
JAVABEAN,2.0
管理工作,2.0
点评,2.0
土豪,2.0
20,2.0
灵云,2.0
北京电视台,2.0
碰出,2.0
尺寸,2.0
应用环境,2.0
一门,2.0
Mybitas,2.0
语法,2.0
甚至,2.0
可靠性,2.0
好学,2.0
讲课,2.0
地址,2.0
宣传片,2.0
sina,2.0
高大,2.0
凝聚力,2.0
亲自,2.0
And,2.0
交互技术,2.0
如下,2.0
MS,2.0
精准,2.0
拘泥于,2.0
有心人,2.0
able,2.0
字体,2.0
++,2.0
认证,2.0
品质,2.0
OSGi,2.0
ZooKeeper,2.0
UAP,2.0
领投,2.0
门口,2.0
工作制,2.0
办公室,2.0
大小,2.0
高山,2.0
精彩,2.0
REDIS,2.0
不定期,2.0
规避,2.0
先进,2.0
结构性,2.0
充分,2.0
freemarker,2.0
区分,2.0
文章,2.0
IDEA,2.0
传输,2.0
人才观,2.0
肯干,2.0
tcsh,2.0
带入,2.0
运行机制,2.0
XNTgxNTM3ODQw,2.0
自我管理,2.0
Kettle,2.0
国际,2.0
暖暖的,2.0
保险,2.0
任何,2.0
人才培养,2.0
中能,2.0
微课,2.0
安全性,2.0
UNIX,2.0
前景,2.0
前沿技术,2.0
大型软件,2.0
RESTful,2.0
预期,2.0
波澜壮阔,2.0
net,2.0
检索,2.0
确保安全,2.0
排序,2.0
总有,2.0
任意,2.0
分别,2.0
社群,2.0
福利制度,2.0
豪华,2.0
品类,2.0
享用,2.0
央视,2.0
路线,2.0
督导,2.0
2016,2.0
高三,2.0
带给,2.0
使用者,2.0
额外,2.0
跨境,2.0
全栈,2.0
Office,2.0
50,2.0
供应,2.0
讲授,2.0
车补饭,2.0
家用,2.0
数据传输,2.0
几个,2.0
金融服务,2.0
付诸,2.0
实际行动,2.0
Cache,2.0
CI,2.0
写作能力,2.0
正在,2.0
信息系统,2.0
T2,2.0
构思,2.0
必要,2.0
Strong,2.0
聚餐,2.0
美国,2.0
人生,2.0
building,2.0
比例,2.0
预估,2.0
领先地位,2.0
处于,2.0
往来,2.0
肉禽,2.0
俞志晨,2.0
利用,2.0
还给,2.0
表等,2.0
nodejs,2.0
PICO,2.0
freemaker,2.0
赤裸裸,2.0
不让,2.0
下列,2.0
石化,2.0
CDN,2.0
美国纽约,2.0
纽约,2.0
优等,2.0
环节,2.0
资金,2.0
享有,2.0
service,2.0
梁宁,2.0
jboss,2.0
javaScript,2.0
投入,2.0
地铁,2.0
调用,2.0
优势,2.0
控制代码,2.0
网从,2.0
商旅,2.0
4.0,2.0
及运维,2.0
同等,2.0
bash,2.0
短时间,2.0
Source,2.0
共事,2.0
会议,2.0
miniuit,2.0
婚恋,2.0
欲望,2.0
鱼会,2.0
多方位,2.0
联合,2.0
一线,2.0
居住证,2.0
大海,2.0
Github,2.0
码农,2.0
json,2.0
查出,2.0
系统故障,2.0
XmlHttpRequest,2.0
勤奋好学,2.0
条理清楚,2.0
大礼包,2.0
千万级,2.0
代理,2.0
DOM,2.0
降低,2.0
JQUERY,2.0
联调,2.0
等者,2.0
官网,2.0
保险行业,2.0
模拟,2.0
背后,2.0
曾经,2.0
Sina,2.0
基础设施,2.0
content,2.0
ROSE,2.0
原因,2.0
可维护性,2.0
电子竞技,2.0
大佬,2.0
XNjY0ODA1NTg0,2.0
MQTT,2.0
高校,2.0
Control,2.0
坚攻,2.0
投个,2.0
津贴,2.0
起草,2.0
一次,2.0
万丈深渊,2.0
javaNIO,2.0
Solr,2.0
身体健康,2.0
牵头,2.0
并行计算,2.0
iframe,2.0
收益,2.0
投行,2.0
优惠政策,2.0
一块儿,2.0
Workflow,2.0
party,2.0
整洁,2.0
静态,2.0
延迟,2.0
分钟,2.0
开朗,2.0
years,2.0
加上,2.0
不到,2.0
仓储,2.0
如此,2.0
memcach,2.0
防御,2.0
加速,2.0
北京市,2.0
solution,2.0
yixin,2.0
一支,2.0
措施,2.0
Axis,2.0
出境游,2.0
教育软件,2.0
以至于,2.0
万美元,2.0
全文,2.0
亦庄,2.0
IBM,2.0
activeMQfka,2.0
规模,2.0
想想,2.0
XNjQ3OTQwOTIw,2.0
优缺点,2.0
groovy,2.0
战斗,2.0
Center,2.0
授课,2.0
iBATIS,2.0
子公司,2.0
programs,2.0
应急,2.0
80,2.0
产品化,2.0
名称,2.0
塑造,2.0
加密算法,2.0
长得,2.0
Rabbitmq,2.0
26,2.0
个体,2.0
远行,2.0
顶级,2.0
神工,2.0
video,2.0
过开,2.0
一句,2.0
惧怕,2.0
第一天,2.0
Hessian,2.0
60,2.0
Velocity,2.0
认可,2.0
坚果,2.0
NoSQL5,2.0
获取,2.0
Framework,2.0
Code,2.0
战斗力,2.0
动物,2.0
系统可靠性,2.0
highly,2.0
牛奶,2.0
公司员工,2.0
Jersey,2.0
必下,2.0
心态,2.0
数据安全,2.0
本土,2.0
不懈,2.0
ETL,2.0
做个,2.0
向上,2.0
Yahoo,2.0
团结,2.0
rCeJ6JgtA8k,2.0
系列,2.0
各大,2.0
美酒,2.0
不间断,2.0
语言表达,2.0
Postgresql,2.0
端及,2.0
开发方法,2.0
实用,2.0
聚合,2.0
up,2.0
Elasticsearch,2.0
软件平台,2.0
优秀人才,2.0
perl,2.0
Job,2.0
账号,2.0
并发程序,2.0
按用例,2.0
大厨,2.0
大大,2.0
中小企业,2.0
但是,2.0
BPM,2.0
经济,2.0
冷链,2.0
千万美元,2.0
意愿,2.0
plus,2.0
门槛,2.0
领衔,2.0
有效性,2.0
服务商,2.0
纯银,2.0
评论,2.0
rabitmq,2.0
这个,2.0
工作勤奋,2.0
资源,2.0
Experience,2.0
企秀,2.0
工资,2.0
面对,2.0
凶猛,2.0
element,2.0
细节,2.0
勤恳,2.0
现金流,2.0
300,2.0
愿景,2.0
健身,2.0
POP,2.0
爱奇艺,2.0
开发区,2.0
比设,2.0
Have,2.0
恭候,2.0
海内外,2.0
连接池,2.0
mySql,2.0
112277183,2.0
极致,2.0
深圳,2.0
new,2.0
Macbook,2.0
更正,2.0
国外,2.0
分析判断,2.0
特点,2.0
MINA,2.0
他人,2.0
NBA,2.0
经营,2.0
配送,2.0
医疗保险,2.0
有趣,2.0
太帅,2.0
重本,2.0
corp,2.0
有识之士,2.0
坐标,2.0
量级,2.0
2.2,2.0
哪网,2.0
后台程序,2.0
直播,2.0
优良,2.0
速途,2.0
程序员,2.0
人品,2.0
杨浦区,2.0
一般,2.0
easyui,2.0
专访,2.0
奇虎,2.0
一切,2.0
jvm,2.0
控系统,2.0
Bean,2.0
elasticsearch,2.0
功能分析,2.0
读写能力,2.0
走进,2.0
计算机网络,2.0
打卡,2.0
EHCache,2.0
下面,2.0
职业培训,2.0
微店,2.0
易于,2.0
运动量,2.0
海鲜,2.0
17,2.0
期间,2.0
接收,2.0
双薪,2.0
耐心,2.0
级服务器,2.0
Easyui,2.0
activeMQ,2.0
数据系统,2.0
Role,2.0
Bat,2.0
会多,2.0
IoC,2.0
重要性,2.0
for,2.0
渠道,2.0
轻松,2.0
盈利,2.0
叫做,2.0
浓厚,2.0
高可靠性,2.0
计算机软件,2.0
对待,2.0
NetBeans,2.0
聚众,2.0
座椅,2.0
图像,2.0
发挥,2.0
健康,2.0
带来,2.0
下属,2.0
短期,2.0
开工,2.0
360,2.0
金蝶,2.0
只有,2.0
开发方式,2.0
注入,2.0
reduce,2.0
Review,2.0
至今,2.0
最佳,2.0
充满活力,2.0
上市,2.0
服务提供商,2.0
groups,2.0
而已,2.0
客服,2.0
SNS,2.0
...,2.0
within,2.0
然后,2.0
靠垫,2.0
华北,2.0
Leader,2.0
BAT,2.0
创建,2.0
products,2.0
抽象思维,2.0
分支,2.0
石油,2.0
支出,2.0
广告投放,2.0
specializing,1.0
scalability,1.0
2.5,1.0
agile,1.0
惬意,1.0
内外,1.0
货三大,1.0
Structs,1.0
数据服务,1.0
美的,1.0
全过程,1.0
说了算,1.0
头脑,1.0
mssql,1.0
做过,1.0
上层,1.0
今年,1.0
开通,1.0
强硬,1.0
文挡,1.0
Go,1.0
由此,1.0
寿险,1.0
挑剔,1.0
诚聘,1.0
一日,1.0
核心内容,1.0
提炼,1.0
可劲,1.0
牛人,1.0
口碑,1.0
量化,1.0
除了,1.0
them,1.0
JPA,1.0
冰箱,1.0
腐败,1.0
婚介,1.0
oriented,1.0
某种,1.0
已超,1.0
归解,1.0
OsCache,1.0
网商,1.0
about,1.0
api,1.0
从优,1.0
有限公司,1.0
Plus,1.0
地铁站,1.0
贡献奖,1.0
Electrical,1.0
投产,1.0
难题,1.0
一经,1.0
next,1.0
设计规范,1.0
闪光点,1.0
lua,1.0
进而,1.0
ElasticSearch,1.0
Fleet,1.0
learn,1.0
skillsCore,1.0
大牌,1.0
线下,1.0
DNS,1.0
露台,1.0
Backbone,1.0
会议纪要,1.0
SERVLET,1.0
据说,1.0
精力旺盛,1.0
Ember,1.0
Computer,1.0
Team,1.0
JETTY,1.0
窗口,1.0
数值,1.0
__,1.0
领导核心,1.0
SPINGMVC,1.0
途径,1.0
将来,1.0
文芳,1.0
同样,1.0
年终奖金,1.0
技术类,1.0
意外险,1.0
hibermate,1.0
ranging,1.0
借贷,1.0
完全,1.0
用书,1.0
万单,1.0
requirements,1.0
零散,1.0
advantage,1.0
当月,1.0
阅历,1.0
MangoDB,1.0
application,1.0
超强,1.0
争吵,1.0
店铺,1.0
餐补,1.0
易练,1.0
给力,1.0
leader,1.0
struct,1.0
调料,1.0
挫折,1.0
DML,1.0
况下,1.0
主体,1.0
有且,1.0
突出者,1.0
System,1.0
地陪,1.0
撩妹,1.0
仓库,1.0
springsecurity,1.0
connect,1.0
understand,1.0
effectively,1.0
一般性,1.0
健德门,1.0
供应商,1.0
SQLite,1.0
Haproxy,1.0
生产者,1.0
步行,1.0
霄云路,1.0
规格书,1.0
专利,1.0
库博,1.0
自学,1.0
产品部,1.0
enable,1.0
赚取,1.0
工作量,1.0
IDG,1.0
835653,1.0
各条,1.0
时时,1.0
Buffer,1.0
自认,1.0
领头,1.0
精确,1.0
留学,1.0
Collection,1.0
兼容问题,1.0
重大,1.0
迫切需要,1.0
鲜肉,1.0
高效率,1.0
还是,1.0
MacBook,1.0
大学毕业,1.0
创造力,1.0
javaagent,1.0
BI,1.0
BootStrap,1.0
OTA,1.0
shape,1.0
光信,1.0
education,1.0
多人,1.0
SSO,1.0
well,1.0
massively,1.0
SOAP,1.0
experimenting,1.0
Asm,1.0
Agile,1.0
不怕,1.0
PC,1.0
一块,1.0
between,1.0
ISO9000,1.0
基本素质,1.0
Designer,1.0
画像,1.0
成吨,1.0
Project,1.0
实验室,1.0
Sybase,1.0
冒泡,1.0
简化,1.0
LVS,1.0
厂商,1.0
数字化,1.0
所在区域,1.0
神器,1.0
娱乐活动,1.0
HADOOP,1.0
人帅,1.0
周刊,1.0
机房,1.0
Vxworks,1.0
数据交换,1.0
全天,1.0
databases,1.0
bring,1.0
观察力,1.0
管吃管,1.0
亚洲区,1.0
不能,1.0
framework,1.0
位置,1.0
金融保险,1.0
万户,1.0
Objective,1.0
首席,1.0
实习期,1.0
基础架构,1.0
货主,1.0
遵守,1.0
山顶,1.0
missfresh,1.0
用车,1.0
开心,1.0
给定,1.0
一变,1.0
保险业务,1.0
死忠,1.0
能源,1.0
WAF,1.0
1.4,1.0
Erlang,1.0
balabala,1.0
全薪,1.0
小而,1.0
学位,1.0
地理位置,1.0
OOAD,1.0
兼容,1.0
技术手段,1.0
常用工具,1.0
剑桥,1.0
各方,1.0
angularJS,1.0
高压,1.0
Javamail,1.0
求知,1.0
车补话,1.0
影响,1.0
风险管理,1.0
只为,1.0
38,1.0
蔬菜,1.0
understanding,1.0
performance,1.0
北邮,1.0
help,1.0
Oahth,1.0
可编程,1.0
下一代,1.0
expertise,1.0
招募,1.0
an,1.0
掌勺,1.0
生命周期,1.0
校园文化,1.0
backend,1.0
汽车,1.0
调动,1.0
deep,1.0
变革,1.0
最低,1.0
growing,1.0
微波炉,1.0
云端,1.0
发散,1.0
华丽,1.0
MariaDB,1.0
JAVASE,1.0
EMR,1.0
普及率,1.0
want,1.0
from,1.0
Hash,1.0
技术骨干,1.0
strong,1.0
written,1.0
与计,1.0
证券,1.0
原则,1.0
省心,1.0
直供,1.0
xmpp,1.0
伸缩,1.0
本及,1.0
截至,1.0
带薪休假,1.0
also,1.0
发出,1.0
Sprint,1.0
领导力,1.0
JIRA,1.0
同行业,1.0
研究成果,1.0
业务人员,1.0
SENIOR,1.0
relational,1.0
汇总,1.0
Solid,1.0
办理,1.0
android,1.0
openfire,1.0
控制软件,1.0
common,1.0
基本知识,1.0
Dell27,1.0
PRC,1.0
结垫资,1.0
MsSqlserver,1.0
南二环,1.0
配置管理,1.0
VS2010,1.0
results,1.0
程序代码,1.0
Kubernetes,1.0
开创,1.0
案例,1.0
正是,1.0
Instruments,1.0
3W,1.0
javaEE,1.0
月球,1.0
易后,1.0
逻辑性,1.0
对应,1.0
新人,1.0
solving,1.0
吞吐,1.0
绩效,1.0
改变,1.0
效能,1.0
它们,1.0
华兴,1.0
尽情,1.0
归档,1.0
keep,1.0
坚持,1.0
看到,1.0
编译,1.0
有个,1.0
generation,1.0
object,1.0
Competitive,1.0
书面,1.0
承受能力,1.0
差钱,1.0
示范园区,1.0
还款,1.0
jasmine,1.0
模糊,1.0
大势所趋,1.0
催收,1.0
member,1.0
mapreduce,1.0
design,1.0
独自,1.0
required,1.0
顺畅,1.0
丰富多彩,1.0
考核,1.0
ES,1.0
jdbc,1.0
该轮,1.0
商讨,1.0
ejb,1.0
精益求精,1.0
生活态度,1.0
三端,1.0
进展,1.0
roadmap,1.0
参数,1.0
媒体,1.0
相对,1.0
响应速度,1.0
整合,1.0
转变,1.0
动手做,1.0
MEMCACHE,1.0
一份,1.0
OAUTH2,1.0
网有,1.0
Official,1.0
ecommerce,1.0
深造,1.0
乐趣,1.0
次数,1.0
主机,1.0
有后,1.0
说话,1.0
安全控制,1.0
弥补,1.0
休息,1.0
货源,1.0
通常,1.0
回国,1.0
细分,1.0
制订,1.0
各层,1.0
打拼,1.0
codeReview,1.0
月薪,1.0
种子,1.0
o2o,1.0
EQ,1.0
携程,1.0
落地窗,1.0
潜力,1.0
这是,1.0
医疗,1.0
HIERNATE,1.0
自驱力,1.0
分布式文件系统,1.0
停机,1.0
华南,1.0
Subscription,1.0
易到,1.0
close,1.0
insight,1.0
可加,1.0
爱美,1.0
讲师,1.0
强强联合,1.0
Orcale,1.0
DHTML,1.0
当做,1.0
端午节,1.0
亚马逊,1.0
个定,1.0
based,1.0
Title,1.0
Hyper,1.0
远程,1.0
创投,1.0
更能,1.0
放款,1.0
搜是,1.0
见证,1.0
评选,1.0
scenarios,1.0
隔壁,1.0
TFS,1.0
工伤保险,1.0
平庸,1.0
再也,1.0
剖析,1.0
My,1.0
As,1.0
浙商,1.0
varnish,1.0
分析模型,1.0
passionate,1.0
特殊,1.0
Gerrit,1.0
欢快,1.0
网页,1.0
noSql,1.0
控件,1.0
jira,1.0
满意度,1.0
本身,1.0
先锋,1.0
ibatise,1.0
5000,1.0
养老保险,1.0
geotools,1.0
菁英,1.0
VDI,1.0
Technology,1.0
操作能力,1.0
一道,1.0
所定,1.0
huge,1.0
Shiro,1.0
SSH2,1.0
美女,1.0
口头,1.0
帅叔供,1.0
小心,1.0
事儿,1.0
条线,1.0
惠普,1.0
验收,1.0
200,1.0
注册,1.0
place,1.0
Swarm,1.0
unit,1.0
更加,1.0
mule,1.0
销售,1.0
雄厚,1.0
信任度,1.0
开启,1.0
nodeJS,1.0
千万人次,1.0
体育,1.0
karma,1.0
出站,1.0
Mvc,1.0
MYBATIS,1.0
programming,1.0
患者,1.0
安邦,1.0
除此之外,1.0
行程,1.0
编排,1.0
端到,1.0
restfull,1.0
nice,1.0
2006,1.0
NoSQL6,1.0
住房,1.0
投资方,1.0
Web2,1.0
易学,1.0
FA,1.0
Power,1.0
农副产品,1.0
浓厚兴趣,1.0
shiro,1.0
external,1.0
接送,1.0
事业部,1.0
财务管理,1.0
eChart,1.0
备份,1.0
感受,1.0
学信网,1.0
大概,1.0
UML5,1.0
通路,1.0
限量,1.0
Freemarker,1.0
WebSocket,1.0
potential,1.0
QQ,1.0
外出,1.0
领跑者,1.0
自定义,1.0
openapi,1.0
卖家,1.0
数据表,1.0
Zk,1.0
加固,1.0
申请,1.0
TRIGGER,1.0
为加,1.0
visio,1.0
隐藏,1.0
对线,1.0
systems,1.0
指标,1.0
嘻嘻,1.0
数据管理,1.0
my,1.0
高昂,1.0
Degree,1.0
feedback,1.0
Protobuf,1.0
wide,1.0
Mvcl,1.0
共用,1.0
评价,1.0
舞台,1.0
接口定义,1.0
阐述,1.0
战队,1.0
花钱,1.0
谦虚,1.0
act,1.0
市场调研,1.0
tcp,1.0
身影,1.0
哪儿,1.0
女票,1.0
美好未来,1.0
Sqlserver,1.0
Tracking,1.0
数量,1.0
JRocket,1.0
网点,1.0
安全策略,1.0
scaleDisciplined,1.0
寻找,1.0
课程体系,1.0
兼容性,1.0
自下而上,1.0
ehCache,1.0
超长,1.0
涵盖,1.0
全员,1.0
感兴趣,1.0
project,1.0
财富,1.0
入门级,1.0
给予,1.0
unix,1.0
信用卡,1.0
滴滴,1.0
车后,1.0
高强度,1.0
hybirs,1.0
贴心,1.0
面临,1.0
GPS,1.0
udp,1.0
JGroups,1.0
out,1.0
美观,1.0
Subscriptions,1.0
OS,1.0
投放,1.0
thrift,1.0
ant,1.0
现网,1.0
程度,1.0
累积,1.0
调戏,1.0
设计师,1.0
including,1.0
geographic,1.0
解惑,1.0
ngix,1.0
平衡,1.0
中长途,1.0
技术讲座,1.0
付费,1.0
office,1.0
necessary,1.0
统计学,1.0
co,1.0
Luce,1.0
Confluence,1.0
回复,1.0
自驱,1.0
16,1.0
接入,1.0
日文,1.0
广阔,1.0
来电,1.0
巨大,1.0
爱好者,1.0
交谈,1.0
秉持,1.0
Data,1.0
TCPIP,1.0
感谢您,1.0
众多,1.0
数据处理系统,1.0
正面,1.0
SoapUI,1.0
主干,1.0
iPad,1.0
壮大队伍,1.0
zhiwang,1.0
字幕,1.0
big,1.0
拿大奖,1.0
技术水平,1.0
捕捉,1.0
bridge,1.0
萌妹,1.0
司机,1.0
适用,1.0
数字,1.0
反馈,1.0
参于,1.0
上面,1.0
商业模式,1.0
就是,1.0
起五险,1.0
奉献精神,1.0
逻辑设计,1.0
flume,1.0
电脑,1.0
阶段,1.0
JavaScript7,1.0
15K,1.0
频繁,1.0
历练,1.0
求贤若渴,1.0
较大型,1.0
科学,1.0
may,1.0
教学资料,1.0
成熟,1.0
尺度,1.0
营运,1.0
通道,1.0
Reduce,1.0
聚会,1.0
出发,1.0
绩效奖金,1.0
尽管,1.0
Freemaker,1.0
即将,1.0
校园内,1.0
学懂,1.0
verbal,1.0
EasyUi,1.0
thymeleaf,1.0
SSL,1.0
告诉,1.0
两餐,1.0
日报,1.0
体会,1.0
换来,1.0
GO,1.0
华东,1.0
后续,1.0
GPRS,1.0
纠正,1.0
质量保证,1.0
选择,1.0
发掘,1.0
有点,1.0
Division,1.0
HA,1.0
订阅,1.0
中有,1.0
OSGI,1.0
会用,1.0
新美大,1.0
引流,1.0
见长,1.0
新技能,1.0
JSDK,1.0
侧重于,1.0
承压,1.0
Yaf,1.0
Hibernat,1.0
强力,1.0
Protocol,1.0
发放,1.0
OFFICE,1.0
既有,1.0
UC,1.0
心理,1.0
胜任,1.0
Science,1.0
jconsole,1.0
所在,1.0
RunLoop,1.0
行业软件,1.0
熟炼,1.0
洞察力,1.0
这项,1.0
做人,1.0
才智,1.0
SOFTWARE,1.0
NETTY,1.0
Standard,1.0
软件应用,1.0
打车,1.0
Paxos,1.0
productive,1.0
25k,1.0
优秀者,1.0
中高级,1.0
书籍,1.0
implement,1.0
National,1.0
政治,1.0
态度端正,1.0
作风严谨,1.0
XSLT,1.0
删除,1.0
逆境,1.0
周期,1.0
xiaoxia,1.0
alone,1.0
自测,1.0
1KQPS,1.0
邮件,1.0
various,1.0
年龄,1.0
合作者,1.0
六年,1.0
系统集成,1.0
不甘,1.0
零售,1.0
奔跑,1.0
B2B,1.0
应用程序,1.0
要素,1.0
得出,1.0
额度,1.0
XBOX,1.0
另有,1.0
筛选,1.0
大餐,1.0
图谱,1.0
engagements,1.0
离岸,1.0
移到,1.0
Oralce,1.0
及时发现,1.0
控制技术,1.0
主动型,1.0
网络工程,1.0
构件,1.0
锦绣大地,1.0
干劲儿,1.0
Payments,1.0
do,1.0
noSQL,1.0
ThinkPHP,1.0
计划编制,1.0
高管,1.0
查重,1.0
潜能,1.0
只会,1.0
closely,1.0
将会,1.0
English,1.0
JNI,1.0
ENGINEER,1.0
某新,1.0
KVS,1.0
为主,1.0
想不到,1.0
MY,1.0
大学专科,1.0
商标,1.0
固定,1.0
architecture,1.0
出差,1.0
guidance,1.0
专业英语,1.0
灵活运用,1.0
视图,1.0
3.2,1.0
东管头,1.0
学科,1.0
JavaWeb,1.0
Competencies,1.0
期望,1.0
创始,1.0
innovative,1.0
先进性,1.0
逐步,1.0
优厚,1.0
SAP,1.0
描绘,1.0
崇尚,1.0
Svn,1.0
极大,1.0
凭借,1.0
后顾之忧,1.0
大厦,1.0
技术含量,1.0
意想不到,1.0
上下游,1.0
client,1.0
三餐,1.0
love,1.0
婚姻状况,1.0
离职,1.0
2000w,1.0
别人,1.0
失业,1.0
写作水平,1.0
吃货,1.0
员工福利,1.0
produce,1.0
WEB2,1.0
Revenue,1.0
积极向上,1.0
mongo,1.0
不断完善,1.0
3204763822,1.0
RTB,1.0
模块化,1.0
中关村,1.0
十分,1.0
技术规范,1.0
不可,1.0
数学模型,1.0
自控,1.0
RMB,1.0
娴熟,1.0
仅为,1.0
技术升级,1.0
年初,1.0
视觉,1.0
relevant,1.0
意义,1.0
Messaging,1.0
不乏,1.0
发生,1.0
商店,1.0
瓶井,1.0
j2ee,1.0
福布斯,1.0
全量,1.0
三板,1.0
70,1.0
迟到,1.0
写作,1.0
先行,1.0
现成,1.0
予以,1.0
格式,1.0
历程,1.0
硕士学位,1.0
AngularJS,1.0
artifacts,1.0
火星,1.0
3.0,1.0
读过,1.0
improvement,1.0
Blog,1.0
建模语言,1.0
补充,1.0
价格,1.0
两项,1.0
蔬果,1.0
jqueryeasyui,1.0
实战,1.0
15k,1.0
XSS,1.0
胆大心细,1.0
TOEIC,1.0
网络科技,1.0
短短,1.0
skills,1.0
路程,1.0
27a,1.0
应用层,1.0
直营,1.0
化后,1.0
高逼格,1.0
不久,1.0
打开,1.0
正确理解,1.0
数理统计,1.0
一块钱,1.0
增加,1.0
线路,1.0
团购,1.0
best,1.0
不了,1.0
合适,1.0
职能,1.0
Active,1.0
bluebird,1.0
决心,1.0
精美,1.0
现场,1.0
XSL,1.0
积极性,1.0
jms,1.0
吞吐量,1.0
拟订,1.0
手册,1.0
二叉树,1.0
展开,1.0
工具软件,1.0
全程,1.0
教育部门,1.0
随便,1.0
版权,1.0
customizability,1.0
统计算法,1.0
蛋糕,1.0
restful,1.0
PLSQL,1.0
见面,1.0
网络系统,1.0
复盘,1.0
同等学历,1.0
本职工作,1.0
latest,1.0
Tower,1.0
Springmvc,1.0
Tornado,1.0
C100K,1.0
responsible,1.0
外汇,1.0
家属,1.0
technologiesGood,1.0
性格,1.0
memecahed,1.0
显示屏,1.0
SQl,1.0
glassfish,1.0
卖场,1.0
项目前期,1.0
数十,1.0
强制,1.0
are,1.0
angular,1.0
系统命令,1.0
进取,1.0
extensibility,1.0
Xcode,1.0
假期,1.0
collaboration,1.0
Play,1.0
顶尖,1.0
loft,1.0
网上,1.0
intelliJ,1.0
平稳,1.0
延时,1.0
苏州街,1.0
React,1.0
更高,1.0
jp,1.0
嵌入,1.0
恒大,1.0
Internet,1.0
ssi,1.0
干果,1.0
宝贵,1.0
保障线,1.0
号线,1.0
总额,1.0
一整套,1.0
看重,1.0
生育,1.0
清华大学,1.0
纬度,1.0
智能化,1.0
权威,1.0
畅销,1.0
晚睡,1.0
编写出,1.0
判断,1.0
号楼,1.0
覆盖,1.0
run,1.0
分工,1.0
redis23,1.0
养成,1.0
160,1.0
预定,1.0
千家,1.0
显示,1.0
rpc,1.0
Tapestry,1.0
撤出,1.0
涉及,1.0
mq,1.0
推卸,1.0
双机,1.0
试验,1.0
年来,1.0
CP,1.0
起点,1.0
请入,1.0
不算,1.0
段时间,1.0
上百,1.0
反应,1.0
高额,1.0
英国,1.0
远景,1.0
新浪,1.0
外贸,1.0
SQLSERVER,1.0
管理手段,1.0
中文,1.0
病假,1.0
割接,1.0
中者,1.0
论坛,1.0
性别,1.0
遵照,1.0
哪里,1.0
应用逻辑,1.0
运力,1.0
JMX,1.0
严密,1.0
Responsibility,1.0
拥抱,1.0
在内,1.0
首选,1.0
按期,1.0
思维能力,1.0
lucene,1.0
资源整合,1.0
品味,1.0
系统配置,1.0
敏锐,1.0
排行榜,1.0
大城市,1.0
......,1.0
同学,1.0
数字证书,1.0
热备,1.0
颜值,1.0
Openlayers,1.0
B座,1.0
礼金,1.0
needs,1.0
维和,1.0
几十秒,1.0
exemplary,1.0
信息化,1.0
单独,1.0
收单,1.0
发情,1.0
Thread,1.0
并重,1.0
融洽,1.0
testing,1.0
加分,1.0
配装,1.0
software,1.0
强迫症,1.0
配套,1.0
phthon,1.0
金融机构,1.0
品尚,1.0
J9,1.0
摄影,1.0
Express,1.0
优者,1.0
高素质,1.0
性能需求,1.0
符合标准,1.0
Activiti,1.0
标等,1.0
工程质量,1.0
public,1.0
点心,1.0
Nio,1.0
分发,1.0
FreeMarker,1.0
skill,1.0
数据中心,1.0
flexible,1.0
每半年,1.0
新一代,1.0
both,1.0
concurrency,1.0
成长性,1.0
Skills,1.0
中国科大,1.0
influence,1.0
variety,1.0
大容量,1.0
KAFKA,1.0
强者,1.0
精选,1.0
睿智,1.0
go,1.0
Redshift,1.0
统计,1.0
散发,1.0
self,1.0
高负荷,1.0
移动用户,1.0
休闲游戏,1.0
休闲活动,1.0
北京大学,1.0
困难户,1.0
远离,1.0
神秘,1.0
周末,1.0
幅度,1.0
联系人,1.0
社保,1.0
软件测试,1.0
TSL,1.0
熬夜,1.0
SDE,1.0
ideas,1.0
露天,1.0
展示,1.0
理工科,1.0
iPhone,1.0
得到,1.0
写出,1.0
所示,1.0
150,1.0
海淀,1.0
状态,1.0
package,1.0
糯米,1.0
jprofile,1.0
空白点,1.0
网上商城,1.0
守信,1.0
passport,1.0
threading,1.0
高标准,1.0
小点心,1.0
内核,1.0
Memached,1.0
带头人,1.0
不需,1.0
5KQPS,1.0
多方面,1.0
B2C,1.0
无情地,1.0
广色域,1.0
装载,1.0
无障碍,1.0
嵌入式,1.0
CoreOS,1.0
中汇,1.0
默契,1.0
hdfs,1.0
亿美元,1.0
深层次,1.0
zeromq,1.0
j2se,1.0
合作伙伴,1.0
一入,1.0
于家,1.0
倒排,1.0
开发新,1.0
DIV,1.0
react,1.0
订制,1.0
熟读,1.0
系统管理,1.0
Html5,1.0
泄露,1.0
key,1.0
相比,1.0
TV,1.0
丰台区,1.0
闭环,1.0
并用,1.0
BS,1.0
saas,1.0
不断进步,1.0
状态机,1.0
Amazon,1.0
OTCC,1.0
查阅,1.0
规格化,1.0
财情,1.0
c2c,1.0
举手投足,1.0
足球队,1.0
好地解决,1.0
Remoting,1.0
b2c,1.0
工作日,1.0
Golang,1.0
初创,1.0
以外,1.0
速递,1.0
排除,1.0
8.2,1.0
热心,1.0
刨根问底,1.0
开门,1.0
成绩,1.0
一致,1.0
30K,1.0
Hands,1.0
Finance,1.0
迅猛,1.0
合作方,1.0
纠错,1.0
APIs,1.0
借款,1.0
查找,1.0
共计,1.0
el,1.0
启动,1.0
FLEX,1.0
准确性,1.0
更改,1.0
分类管理,1.0
镇痛,1.0
Xib,1.0
含五险,1.0
亮点,1.0
Understand,1.0
工时,1.0
专为,1.0
functional,1.0
RESPONSIBILITIES,1.0
Who,1.0
hot,1.0
YII,1.0
activities,1.0
WorkBench,1.0
mySQL,1.0
Order,1.0
面试官,1.0
抵押,1.0
天润云,1.0
审视,1.0
能量,1.0
500,1.0
聚类,1.0
回馈,1.0
青春,1.0
across,1.0
选择性,1.0
发行版,1.0
餐厅,1.0
6.2,1.0
查询方法,1.0
DPE,1.0
短途,1.0
多金,1.0
developer,1.0
清华,1.0
支付宝,1.0
生日礼物,1.0
身心健康,1.0
情结,1.0
jbpm,1.0
再说,1.0
Runtime,1.0
Billing,1.0
全凭,1.0
阶段性,1.0
toB,1.0
j2EE,1.0
分区,1.0
变胖,1.0
Js,1.0
externally,1.0
超群,1.0
strom,1.0
Dell,1.0
门户网站,1.0
瞬间,1.0
exploring,1.0
制胜,1.0
小规模,1.0
有条理,1.0
TABLE,1.0
AAA,1.0
软件技术,1.0
共性,1.0
坚信,1.0
推荐奖,1.0
号鹏润,1.0
狂欢,1.0
发起,1.0
经常,1.0
CAP,1.0
朝阳区,1.0
智商,1.0
发声,1.0
奋斗,1.0
人力,1.0
万亿,1.0
天大,1.0
音频,1.0
PPT,1.0
技术主管,1.0
Bottom,1.0
变成,1.0
NGINX,1.0
破格录用,1.0
商业保险,1.0
CSRF,1.0
Enterprise,1.0
身份,1.0
账务,1.0
测试方法,1.0
小时,1.0
AKKA,1.0
蜕变,1.0
棒球,1.0
activemq,1.0
using,1.0
标识,1.0
小食,1.0
找到,1.0
组成员,1.0
股东,1.0
通是,1.0
文档资料,1.0
虚拟,1.0
Dojo,1.0
knowledgeable,1.0
Batch,1.0
应变力,1.0
Grizzly,1.0
c++,1.0
手快,1.0
流利,1.0
Engineering,1.0
非正式,1.0
形态,1.0
对象,1.0
间通信,1.0
酒仙,1.0
自助,1.0
Servlets,1.0
业务部,1.0
starter,1.0
最少,1.0
现磨,1.0
想要,1.0
工作狂,1.0
中需,1.0
Passionate,1.0
管理信息系统,1.0
人群,1.0
类型,1.0
贯彻执行,1.0
足够,1.0
CWE,1.0
每隔,1.0
GlassFish,1.0
股票代码,1.0
Grails,1.0
高速,1.0
舞蹈,1.0
Solve,1.0
深化,1.0
切面,1.0
大纲,1.0
Mahout,1.0
战略,1.0
paas,1.0
HOOLI,1.0
PD,1.0
惊喜,1.0
批发市场,1.0
人性化,1.0
hash,1.0
boundaries,1.0
AWS,1.0
时效性,1.0
互操作,1.0
网管,1.0
their,1.0
事务管理,1.0
we,1.0
顶配,1.0
战术,1.0
秒钟,1.0
日访问量,1.0
涨工资,1.0
二手车,1.0
this,1.0
函数,1.0
actionable,1.0
门户,1.0
IBATIS,1.0
cms,1.0
优酷,1.0
Ubuntu,1.0
local,1.0
距离,1.0
带到,1.0
UBUNTU,1.0
Centos,1.0
网等,1.0
对比,1.0
database,1.0
pc,1.0
审阅,1.0
以往,1.0
透明,1.0
构架,1.0
详情,1.0
由元生,1.0
ensure,1.0
Nodejs,1.0
容量,1.0
封装,1.0
随时随地,1.0
金融类,1.0
中秋节,1.0
angularjs,1.0
modeling,1.0
品德,1.0
mootools,1.0
advance,1.0
管理软件,1.0
Social,1.0
服务程序,1.0
亚洲,1.0
级用户,1.0
搞定,1.0
网络通讯,1.0
工作效率,1.0
全网,1.0
行者,1.0
售前,1.0
UT,1.0
800,1.0
components,1.0
携手,1.0
实践者,1.0
即时通讯,1.0
leaflet,1.0
户外,1.0
global,1.0
Webservices,1.0
知识点,1.0
崇高品质,1.0
良心,1.0
复杂度,1.0
一站式,1.0
轻微,1.0
REQUIREMENTS,1.0
坐落,1.0
制作,1.0
小米,1.0
君联,1.0
二线,1.0
啪啪,1.0
于用,1.0
便利,1.0
法宝,1.0
认知,1.0
CMMI,1.0
TB,1.0
帐号,1.0
遗漏,1.0
serverlet,1.0
费劲,1.0
之上,1.0
生子,1.0
Reflect,1.0
内训,1.0
试用期,1.0
59,1.0
讲解,1.0
归户,1.0
开发软件,1.0
it,1.0
逆袭,1.0
IM,1.0
shangdai,1.0
Interoperability,1.0
除非,1.0
担当,1.0
以前,1.0
商户,1.0
多用户,1.0
发展前景,1.0
stakeholders,1.0
Qualifications,1.0
related,1.0
打通,1.0
证券交易,1.0
舒心,1.0
数据业务,1.0
ARCHITECT,1.0
fastdfs,1.0
疑惑,1.0
加密,1.0
分类,1.0
运维过,1.0
maintaining,1.0
geoserver,1.0
知名企业,1.0
超有,1.0
容错,1.0
用户端,1.0
任何事物,1.0
学科专业,1.0
vue,1.0
经验丰富,1.0
职业技能,1.0
经费,1.0
幸福感,1.0
Quorum,1.0
compatible,1.0
cas,1.0
师生,1.0
assistance,1.0
基本工资,1.0
Tomcat6,1.0
训练,1.0
及协,1.0
就业指导,1.0
获光信,1.0
老大,1.0
号码,1.0
文本,1.0
中来,1.0
13K,1.0
辅导,1.0
位列,1.0
jooq,1.0
判断能力,1.0
十大,1.0
侵袭,1.0
保持良好,1.0
层次,1.0
搭配,1.0
激动人心,1.0
发及,1.0
无论,1.0
cover,1.0
organizational,1.0
创业精神,1.0
coffeescript,1.0
JUNIT,1.0
薪水,1.0
成就,1.0
用户界面,1.0
informix,1.0
flash,1.0
Jason,1.0
读书,1.0
hard,1.0
果盘,1.0
增强,1.0
Mapreduce,1.0
信用贷款,1.0
首先,1.0
es6,1.0
MSSQL,1.0
简洁,1.0
余人,1.0
private,1.0
小型,1.0
提案,1.0
核心成员,1.0
学士,1.0
any,1.0
分选,1.0
Javassist,1.0
ZK,1.0
软饮,1.0
Laravel,1.0
核心思想,1.0
Applications,1.0
预订,1.0
顺利进行,1.0
职务,1.0
敏感性,1.0
学科知识,1.0
落实,1.0
J2ee,1.0
序列化,1.0
areas,1.0
以来,1.0
CoreData,1.0
半年,1.0
job,1.0
瑜伽,1.0
起床,1.0
重大项目,1.0
测试报告,1.0
3500,1.0
专业课程,1.0
Clojure,1.0
新闻,1.0
硬件,1.0
fast,1.0
Finagle,1.0
spot,1.0
热切地,1.0
大会,1.0
提薪,1.0
结婚,1.0
认真完成,1.0
英语口语,1.0
黑名单,1.0
mocha,1.0
pay,1.0
provide,1.0
HOOLIers,1.0
2010,1.0
预测,1.0
及时处理,1.0
创意,1.0
机构,1.0
